{"accuracy": 0.27953895381975435, "mae": 0.44501771911043864}